{"cameraMode":{"drawMode":0,"name":"Shaded","section":"Shading Mode"},"sceneLighting":true,"audioPlay":false,"sceneViewState":{"showFog":true,"showMaterialUpdate":true,"showSkybox":true,"showFlares":true,"showImageEffects":true,"showParticleSystems":true},"in2DMode":false,"pivot":{"x":-0.4525108337402344,"y":-6.393650054931641,"z":-3.4231090545654299},"rotation":{"x":0.2442806512117386,"y":-0.6416080594062805,"z":0.22688618302345277,"w":0.6907930970191956},"size":27.20096778869629,"orthographic":false}